{"count":1,"gauges":{"CarDrive.CumulativeReward":{"count":14029,"max":-8.57,"min":-257.945831,"value":-54.4790878,"weightedAverage":-25.5261841}},"self":440.837632,"total":15854.9970946,"children":{"AgentSendState":{"count":80367,"self":125.722752,"total":1691.7925559,"children":{"CollectObservations":{"count":30019082,"self":1295.080448,"total":1295.0804202,"children":null},"CollectDiscreteActionMasks":{"count":30019082,"self":14.760436799999999,"total":14.760436599999998,"children":null},"AgentInfo.ToProto":{"count":30019082,"self":68.4212416,"total":256.2289444,"children":{"GenerateSensorData":{"count":30019082,"self":187.8077056,"total":187.8077027,"children":null}}}}},"DecideAction":{"count":80367,"self":13498.3983104,"total":13498.397999499999,"children":null},"AgentAct":{"count":80367,"self":223.62688,"total":223.6268777,"children":null},"AgentInfo.ToProto":{"count":20245,"self":0.11097639999999999,"total":0.3410139,"children":{"GenerateSensorData":{"count":20245,"self":0.23003749999999998,"total":0.23003749999999998,"children":null}}}}}