time,num
4.25886249542236,1
6.24443769454956,2
7.44431829452515,3
10.0630235671997,4
11.1639490127563,5
