{"count":1,"gauges":{},"self":1329.079808,"total":1381.9488248,"children":{"AgentSendState":{"count":69084,"self":1.3216837,"total":4.5529499,"children":{"CollectObservations":{"count":69084,"self":3.2037714,"total":3.2037714,"children":null},"CollectDiscreteActionMasks":{"count":69084,"self":0.0274948,"total":0.0274948,"children":null}}},"DecideAction":{"count":69084,"self":46.7794272,"total":46.779426099999995,"children":null},"AgentAct":{"count":69084,"self":1.5356124,"total":1.5356124,"children":null}}}