{"count":1,"gauges":{"CarDrive.CumulativeReward":{"count":11936,"max":5.686771,"min":-4.22601128,"value":-1,"weightedAverage":-0.9999999}},"self":10.5283304,"total":77.510273,"children":{"AgentSendState":{"count":5751,"self":0.83817369999999991,"total":5.3863968999999994,"children":{"CollectObservations":{"count":97515,"self":3.6474064,"total":3.6474062999999997,"children":null},"CollectDiscreteActionMasks":{"count":97515,"self":0.051984199999999994,"total":0.051984199999999994,"children":null},"AgentInfo.ToProto":{"count":97515,"self":0.2544207,"total":0.8488327,"children":{"GenerateSensorData":{"count":97515,"self":0.59441199999999994,"total":0.59441199999999994,"children":null}}}}},"DecideAction":{"count":5751,"self":60.635647999999996,"total":60.635646099999995,"children":null},"AgentAct":{"count":5751,"self":0.8519019,"total":0.8519019,"children":null},"AgentInfo.ToProto":{"count":11936,"self":0.0340196,"total":0.10699829999999999,"children":{"GenerateSensorData":{"count":11936,"self":0.0729787,"total":0.0729787,"children":null}}}}}