{"count":1,"gauges":{"CarDrive.CumulativeReward":{"count":31163,"max":7.67578459,"min":-2,"value":-2,"weightedAverage":-1.36988127}},"self":20.9139312,"total":582.9936539,"children":{"AgentSendState":{"count":3767,"self":10.114984,"total":69.0170316,"children":{"CollectObservations":{"count":1186605,"self":47.7434368,"total":47.7434383,"children":null},"CollectDiscreteActionMasks":{"count":1186605,"self":0.6516502,"total":0.6516502,"children":null},"AgentInfo.ToProto":{"count":1186605,"self":3.0461739999999997,"total":10.5069587,"children":{"GenerateSensorData":{"count":1186605,"self":7.4607848,"total":7.4607845999999993,"children":null}}}}},"DecideAction":{"count":3767,"self":481.4271488,"total":481.4271237,"children":null},"AgentAct":{"count":3767,"self":11.2686368,"total":11.3685957,"children":{"AgentInfo.ToProto":{"count":8510,"self":0.027990599999999997,"total":0.0999593,"children":{"GenerateSensorData":{"count":8510,"self":0.0719687,"total":0.0719687,"children":null}}}}},"AgentInfo.ToProto":{"count":22653,"self":0.0969949,"total":0.2659719,"children":{"GenerateSensorData":{"count":22653,"self":0.168977,"total":0.168977,"children":null}}}}}