{"count":1,"gauges":{},"self":33.8383296,"total":38.5763822,"children":{"AgentSendState":{"count":1872,"self":0.2950586,"total":1.9534083,"children":{"CollectObservations":{"count":41184,"self":1.6343623999999999,"total":1.6343623999999999,"children":null},"CollectDiscreteActionMasks":{"count":41184,"self":0.0239873,"total":0.0239873,"children":null}}},"DecideAction":{"count":1872,"self":2.4747171999999997,"total":2.4747171,"children":null},"AgentAct":{"count":1872,"self":0.3089268,"total":0.3089268,"children":null}}}