{"count":1,"gauges":{"CarDrive.CumulativeReward":{"count":1105,"max":8.471475,"min":-1.78982043,"value":-0.640249133,"weightedAverage":-0.298513055}},"self":4.7472712,"total":61.856178099999994,"children":{"AgentSendState":{"count":917,"self":1.0494843,"total":7.4836665,"children":{"CollectObservations":{"count":137550,"self":5.104664,"total":5.1046638999999994,"children":null},"CollectDiscreteActionMasks":{"count":137550,"self":0.0839969,"total":0.0839969,"children":null},"AgentInfo.ToProto":{"count":137550,"self":0.3608345,"total":1.2455214,"children":{"GenerateSensorData":{"count":137550,"self":0.88468689999999994,"total":0.88468689999999994,"children":null}}}}},"DecideAction":{"count":917,"self":48.435648,"total":48.435648699999994,"children":null},"AgentAct":{"count":917,"self":1.1786008,"total":1.1885929,"children":{"AgentInfo.ToProto":{"count":1105,"self":0.003998,"total":0.0099921,"children":{"GenerateSensorData":{"count":1105,"self":0.0059941,"total":0.0059941,"children":null}}}}}}}