{"count":1,"gauges":{"CarDrive.CumulativeReward":{"count":8,"max":89.8594,"min":-10,"value":13.7788048,"weightedAverage":41.22085}},"self":16.6212144,"total":164.6422416,"children":{"AgentSendState":{"count":7205,"self":1.2469412,"total":8.331488,"children":{"CollectObservations":{"count":100870,"self":7.0115184,"total":7.0115186,"children":null},"CollectDiscreteActionMasks":{"count":100870,"self":0.0730282,"total":0.0730282,"children":null}}},"DecideAction":{"count":7205,"self":11.3571944,"total":11.3571945,"children":null},"AgentAct":{"count":7205,"self":128.3313408,"total":128.33134429999998,"children":null}}}