{"count":1,"gauges":{"CarDrive.CumulativeReward":{"count":10675,"max":594.2344,"min":-118.957787,"value":44.8886833,"weightedAverage":26.3091488}},"self":600.6060544,"total":14213.9096715,"children":{"AgentSendState":{"count":113201,"self":278.2834688,"total":1993.153135,"children":{"CollectObservations":{"count":30015579,"self":1434.4759296,"total":1434.4759003,"children":null},"CollectDiscreteActionMasks":{"count":30015579,"self":16.502648,"total":16.5026473,"children":null},"AgentInfo.ToProto":{"count":30015579,"self":77.13406719999999,"total":263.89110869999996,"children":{"GenerateSensorData":{"count":30015579,"self":186.7570432,"total":186.75704019999998,"children":null}}}}},"DecideAction":{"count":113201,"self":11335.9495168,"total":11335.949472499999,"children":null},"AgentAct":{"count":113201,"self":283.8937856,"total":283.893794,"children":null},"AgentInfo.ToProto":{"count":15678,"self":0.1161758,"total":0.3052129,"children":{"GenerateSensorData":{"count":15678,"self":0.18903709999999999,"total":0.18903709999999999,"children":null}}}}}