{"count":1,"gauges":{"CarDrive.CumulativeReward":{"count":602,"max":437.2527,"min":-1.99461484,"value":-0.9948559,"weightedAverage":-0.662553847}},"self":564.13363199999992,"total":648.51266579999992,"children":{"AgentSendState":{"count":32340,"self":5.5069484,"total":36.9370717,"children":{"CollectObservations":{"count":711480,"self":31.0934144,"total":31.0934128,"children":null},"CollectDiscreteActionMasks":{"count":711480,"self":0.33671049999999997,"total":0.33671049999999997,"children":null}}},"DecideAction":{"count":32340,"self":42.5393056,"total":42.539307099999995,"children":null},"AgentAct":{"count":32340,"self":4.9016684,"total":4.9016684,"children":null}}}