{"count":1,"gauges":{"CarDrive.CumulativeReward":{"count":2,"max":17.93777,"min":11.347971,"value":17.93777,"weightedAverage":12.99542}},"self":10.363156,"total":42.8255209,"children":{"AgentSendState":{"count":2040,"self":0.2741403,"total":1.8063721,"children":{"CollectObservations":{"count":28560,"self":1.5147249999999999,"total":1.5147249999999999,"children":null},"CollectDiscreteActionMasks":{"count":28560,"self":0.0175068,"total":0.0175068,"children":null}}},"DecideAction":{"count":2040,"self":2.5337047999999998,"total":2.5337047999999998,"children":null},"AgentAct":{"count":2040,"self":28.121289599999997,"total":28.121288099999997,"children":null}}}