{"count":1,"gauges":{"CarDrive.CumulativeReward":{"count":62,"max":199.796967,"min":-10.9361238,"value":136.296677,"weightedAverage":84.03171}},"self":129.4145024,"total":418.47503839999996,"children":{"AgentSendState":{"count":20812,"self":3.5839152,"total":24.0309612,"children":{"CollectObservations":{"count":457864,"self":20.2180944,"total":20.218094699999998,"children":null},"CollectDiscreteActionMasks":{"count":457864,"self":0.2289511,"total":0.2289511,"children":null}}},"DecideAction":{"count":20812,"self":36.928416,"total":36.9284147,"children":null},"AgentAct":{"count":20812,"self":228.1001728,"total":228.10016059999998,"children":null}}}