{"count":1,"gauges":{"CarDrive.CumulativeReward":{"count":11533,"max":535.700867,"min":-77.48672,"value":-9.162481,"weightedAverage":3.0009768}},"self":589.8132992,"total":13754.034133699999,"children":{"AgentSendState":{"count":83284,"self":278.58690559999997,"total":2051.1222267999997,"children":{"CollectObservations":{"count":30020544,"self":1495.5809792,"total":1495.5809485,"children":null},"CollectDiscreteActionMasks":{"count":30020544,"self":16.3973664,"total":16.3973668,"children":null},"AgentInfo.ToProto":{"count":30020544,"self":75.0305856,"total":260.5570139,"children":{"GenerateSensorData":{"count":30020544,"self":185.52642559999998,"total":185.52642799999998,"children":null}}}}},"DecideAction":{"count":83284,"self":10829.749452799999,"total":10829.7492689,"children":null},"AgentAct":{"count":83284,"self":283.029376,"total":283.0293765,"children":null},"AgentInfo.ToProto":{"count":16814,"self":0.1090029,"total":0.31894469999999997,"children":{"GenerateSensorData":{"count":16814,"self":0.20994179999999998,"total":0.20994179999999998,"children":null}}}}}