{"count":1,"gauges":{"CarDrive.CumulativeReward":{"count":1328,"max":253.430069,"min":-2.43016362,"value":26.6777248,"weightedAverage":41.95195}},"self":305.4896128,"total":333.3651966,"children":{"AgentSendState":{"count":16642,"self":1.6318705,"total":10.6061806,"children":{"CollectObservations":{"count":232988,"self":8.870432,"total":8.8704322,"children":null},"CollectDiscreteActionMasks":{"count":232988,"self":0.1038779,"total":0.1038779,"children":null}}},"DecideAction":{"count":16642,"self":15.6413152,"total":15.641315899999999,"children":null},"AgentAct":{"count":16642,"self":1.6271320999999999,"total":1.6271320999999999,"children":null}}}