{"count":1,"gauges":{"CarDrive.CumulativeReward":{"count":105,"max":320.7507,"min":-11.1830959,"value":48.0461235,"weightedAverage":70.01361}},"self":123.66752,"total":503.3433538,"children":{"AgentSendState":{"count":24697,"self":4.4202576,"total":30.626087599999998,"children":{"CollectObservations":{"count":543334,"self":25.8943248,"total":25.8943244,"children":null},"CollectDiscreteActionMasks":{"count":543334,"self":0.3115056,"total":0.3115056,"children":null}}},"DecideAction":{"count":24697,"self":36.535136,"total":36.5351363,"children":null},"AgentAct":{"count":24697,"self":312.5136128,"total":312.513605,"children":null}}}