{"count":1,"gauges":{"CarDrive.CumulativeReward":{"count":18587,"max":1184.31824,"min":-8.707599,"value":291.278656,"weightedAverage":251.449249}},"self":1089.01632,"total":22222.2868193,"children":{"AgentSendState":{"count":265934,"self":452.487168,"total":2960.1196603999997,"children":{"CollectObservations":{"count":50006156,"self":2045.3773311999998,"total":2045.377403,"children":null},"CollectDiscreteActionMasks":{"count":50006156,"self":27.207049599999998,"total":27.2070506,"children":null},"AgentInfo.ToProto":{"count":50006156,"self":123.8766464,"total":435.0480134,"children":{"GenerateSensorData":{"count":50006156,"self":311.1713536,"total":311.17136469999997,"children":null}}}}},"DecideAction":{"count":265934,"self":17690.6108928,"total":17690.6112253,"children":null},"AgentAct":{"count":265934,"self":482.2497792,"total":482.249754,"children":null},"AgentInfo.ToProto":{"count":26116,"self":0.11698349999999999,"total":0.2889047,"children":{"GenerateSensorData":{"count":26116,"self":0.1719212,"total":0.1719212,"children":null}}}}}