{"count":1,"gauges":{"CarDrive.CumulativeReward":{"count":3,"max":6.89159775,"min":1.48836875,"value":6.89159775,"weightedAverage":3.475421}},"self":39.8082624,"total":45.3143914,"children":{"AgentSendState":{"count":2239,"self":0.3488271,"total":2.2552985,"children":{"CollectObservations":{"count":49258,"self":1.8822662,"total":1.8822662,"children":null},"CollectDiscreteActionMasks":{"count":49258,"self":0.0242052,"total":0.0242052,"children":null}}},"DecideAction":{"count":2239,"self":2.8830755999999997,"total":2.8830755999999997,"children":null},"AgentAct":{"count":2239,"self":0.36675399999999997,"total":0.36675399999999997,"children":null}}}