{"count":1,"gauges":{},"self":5.2900208,"total":6.0850515,"children":{"AgentSendState":{"count":213,"self":0.030625299999999998,"total":0.1768379,"children":{"CollectObservations":{"count":2982,"self":0.1462126,"total":0.1462126,"children":null},"CollectDiscreteActionMasks":{"count":2982,"self":0,"total":0,"children":null}}},"DecideAction":{"count":213,"self":0.42066139999999996,"total":0.42066139999999996,"children":null},"AgentAct":{"count":213,"self":0.1954637,"total":0.1954637,"children":null}}}