{"count":1,"gauges":{"CarDrive.CumulativeReward":{"count":186,"max":209.293015,"min":-1.98294508,"value":66.18999,"weightedAverage":38.1186829}},"self":242.74572799999999,"total":280.4597205,"children":{"AgentSendState":{"count":13994,"self":2.3413952,"total":15.173396599999998,"children":{"CollectObservations":{"count":307868,"self":12.6569968,"total":12.6569965,"children":null},"CollectDiscreteActionMasks":{"count":307868,"self":0.175005,"total":0.175005,"children":null}}},"DecideAction":{"count":13994,"self":18.0952944,"total":18.095295,"children":null},"AgentAct":{"count":13994,"self":4.4443112,"total":4.4443113,"children":null}}}