{"count":1,"gauges":{"CarDrive.CumulativeReward":{"count":1556,"max":91.27366,"min":-5.86067343,"value":-1,"weightedAverage":29.08051}},"self":33.745391999999995,"total":423.4781147,"children":{"AgentSendState":{"count":14217,"self":6.5640284,"total":43.928491,"children":{"CollectObservations":{"count":857229,"self":30.6102784,"total":30.6102773,"children":null},"CollectDiscreteActionMasks":{"count":857229,"self":0.4313489,"total":0.4313489,"children":null},"AgentInfo.ToProto":{"count":857229,"self":1.8334347999999998,"total":6.3228363,"children":{"GenerateSensorData":{"count":857229,"self":4.4894016,"total":4.4894015,"children":null}}}}},"DecideAction":{"count":14217,"self":338.340352,"total":338.3403467,"children":null},"AgentAct":{"count":14217,"self":7.4379,"total":7.4379,"children":null},"AgentInfo.ToProto":{"count":2093,"self":0.0050014,"total":0.023987099999999997,"children":{"GenerateSensorData":{"count":2093,"self":0.018985699999999998,"total":0.018985699999999998,"children":null}}}}}