{"count":1,"gauges":{"CarDrive.CumulativeReward":{"count":19,"max":-0.177407488,"min":-10,"value":-0.177407488,"weightedAverage":-5.2952013}},"self":41.581235199999995,"total":47.6523536,"children":{"AgentSendState":{"count":2327,"self":0.40100769999999997,"total":2.5784954,"children":{"CollectObservations":{"count":51194,"self":2.1524403999999997,"total":2.1524405,"children":null},"CollectDiscreteActionMasks":{"count":51194,"self":0.0250472,"total":0.0250472,"children":null}}},"DecideAction":{"count":2327,"self":3.1352146,"total":3.1352146,"children":null},"AgentAct":{"count":2327,"self":0.356407,"total":0.356407,"children":null}}}