{"count":1,"gauges":{"CarDrive.CumulativeReward":{"count":3310,"max":153.68634,"min":-70.88722,"value":-10.9481564,"weightedAverage":-0.147290289}},"self":118.8347008,"total":10154.118793599999,"children":{"AgentSendState":{"count":22167,"self":30.646505599999998,"total":423.6412529,"children":{"CollectObservations":{"count":7254728,"self":322.5291008,"total":322.5290922,"children":null},"CollectDiscreteActionMasks":{"count":7254728,"self":3.7148063999999996,"total":3.7148062,"children":null},"AgentInfo.ToProto":{"count":7254728,"self":17.4805536,"total":66.750849399999993,"children":{"GenerateSensorData":{"count":7254728,"self":49.2702976,"total":49.270296099999996,"children":null}}}}},"DecideAction":{"count":22167,"self":9554.239488,"total":9554.2391592,"children":null},"AgentAct":{"count":22167,"self":57.3210304,"total":57.3210335,"children":null},"AgentInfo.ToProto":{"count":4816,"self":0.034629,"total":0.0816421,"children":{"GenerateSensorData":{"count":4816,"self":0.047013099999999995,"total":0.047013099999999995,"children":null}}}}}