time,num
87.0347442626953,1
593.138305664063,2
612.803955078125,3
